question_id,gold_is_table,category,source_file,page_number,gold_norm_len,armA_n,armA_contig,armA_blocks,armA_contig_at_best_blocks,armA_union_contig,armB_n,armB_contig,armB_blocks,armB_contig_at_best_blocks,armB_union_contig,armB_scatter_gap,armB_scattered,fits_in_armB,fits_in_armA
Q001,True,direct_regulation,car_s2_l_car66_maintenance_engineer_licensing.pdf,224,307,3,1.0,1.0,1.0,1.0,6,0.1726,0.3583,0.1726,0.4039,0.1857,False,True,True
Q002,True,numerical,circular_air_safety_2023_01_flight_data_analysis.pdf,2,597,2,1.0,1.0,1.0,1.0,4,0.3166,0.3518,0.2647,0.9045,0.0871,False,False,True
Q003,True,procedural,car_s2_l_car66_maintenance_engineer_licensing.pdf,116,425,5,1.0,1.0,1.0,1.0,5,0.2824,0.5412,0.2188,0.6165,0.3224,False,True,True
Q004,True,cross_document,icao_gasp_global_safety_plan.pdf,9,811,4,1.0,1.0,1.0,1.0,8,0.3921,0.3921,0.3921,0.9778,0.0,False,False,True
Q005,True,direct_regulation,car_s2_l_car66_maintenance_engineer_licensing.pdf,208,170,3,1.0,1.0,1.0,1.0,4,0.8353,0.8941,0.8353,1.0,0.0588,False,True,True
Q006,True,numerical,car_s2_l_car66_maintenance_engineer_licensing.pdf,172,502,4,1.0,1.0,1.0,1.0,5,0.5398,0.5398,0.5398,0.9104,0.0,False,True,True
Q007,True,procedural,car_s2_l_car66_maintenance_engineer_licensing.pdf,173,133,4,1.0,1.0,1.0,1.0,5,0.6617,0.985,0.6617,0.7068,0.3233,False,True,True
Q008,True,cross_document,icao_gasp_global_safety_plan.pdf,31,1074,5,1.0,1.0,1.0,1.0,7,0.3827,0.3827,0.3827,1.0,0.0,False,False,True
Q009,True,direct_regulation,car_s2_l_car66_maintenance_engineer_licensing.pdf,111,500,3,1.0,1.0,1.0,1.0,4,0.34,0.424,0.34,0.718,0.084,False,True,True
Q010,True,numerical,car_s2_l_car66_maintenance_engineer_licensing.pdf,59,77,3,1.0,1.0,1.0,1.0,6,0.6623,0.6623,0.6623,0.9351,0.0,False,True,True
Q011,True,procedural,car_s2_l_car66_maintenance_engineer_licensing.pdf,116,431,5,1.0,1.0,1.0,1.0,5,0.7216,0.7587,0.7216,0.8561,0.0371,False,True,True
Q012,True,cross_document,car_s2_l_car66_maintenance_engineer_licensing.pdf,218,309,3,1.0,1.0,1.0,1.0,6,0.1165,0.4175,0.1165,0.3074,0.301,False,True,True
Q013,True,direct_regulation,car_s2_l_car66_maintenance_engineer_licensing.pdf,119,177,4,1.0,1.0,1.0,1.0,6,0.3785,0.9209,0.3785,0.7175,0.5424,False,True,True
Q014,True,numerical,circular_air_nav_2024_01_installation.pdf,4,253,4,1.0,1.0,1.0,1.0,4,0.7549,0.7549,0.7549,1.0,0.0,False,True,True
Q015,True,procedural,car_s2_l_car66_maintenance_engineer_licensing.pdf,113,162,5,1.0,1.0,1.0,1.0,5,0.3519,0.9074,0.3519,0.5062,0.5555,False,True,True
Q016,True,cross_document,car_s2_l_car66_maintenance_engineer_licensing.pdf,172,157,4,1.0,1.0,1.0,1.0,5,1.0,1.0,1.0,1.0,0.0,False,True,True
Q017,True,direct_regulation,car_s2_l_car66_maintenance_engineer_licensing.pdf,229,926,4,1.0,1.0,1.0,1.0,6,0.3143,0.4093,0.0907,0.7181,0.3186,False,False,True
Q018,True,numerical,car_s2_l_car66_maintenance_engineer_licensing.pdf,36,959,3,1.0,1.0,1.0,1.0,6,0.0647,0.3003,0.0501,0.1846,0.2502,False,False,True
Q019,True,procedural,car_s2_i_p5_flight_data_recorders.pdf,26,997,5,1.0,1.0,1.0,1.0,7,0.326,0.326,0.326,1.0,0.0,False,False,True
Q020,True,cross_document,car_s2_l_car66_maintenance_engineer_licensing.pdf,48,167,4,1.0,1.0,1.0,1.0,5,0.2695,0.6467,0.1617,0.5389,0.485,True,True,True
Q021,True,direct_regulation,car_s2_l_car66_maintenance_engineer_licensing.pdf,124,264,2,1.0,1.0,1.0,1.0,2,0.7348,0.8295,0.7348,0.8598,0.0947,False,True,True
Q022,True,numerical,circular_air_safety_2023_01_flight_data_analysis.pdf,17,873,2,1.0,1.0,1.0,1.0,6,0.2761,0.2761,0.2761,1.0,0.0,False,False,True
Q023,True,procedural,icao_environment_report.pdf,275,395,7,1.0,1.0,1.0,1.0,8,0.5443,0.5443,0.5443,1.0,0.0,False,True,True
Q024,True,cross_document,car_s2_l_car66_maintenance_engineer_licensing.pdf,116,92,5,1.0,1.0,1.0,1.0,5,0.4565,0.7609,0.4565,1.0,0.3044,False,True,True
Q025,True,direct_regulation,car_s2_l_car66_maintenance_engineer_licensing.pdf,173,399,4,1.0,1.0,1.0,1.0,5,0.6591,0.6591,0.6591,1.0,0.0,False,True,True
Q026,True,numerical,icao_environment_report.pdf,203,904,3,1.0,1.0,1.0,1.0,6,0.1283,0.2279,0.1283,0.333,0.0996,False,False,True
Q027,True,procedural,car_s2_i_p5_flight_data_recorders.pdf,23,926,3,1.0,1.0,1.0,1.0,8,0.3283,0.3283,0.3283,1.0,0.0,False,False,True
Q028,True,cross_document,icao_environment_report.pdf,229,503,4,1.0,1.0,1.0,1.0,6,0.3837,0.3837,0.3837,1.0,0.0,False,True,True
Q029,True,direct_regulation,car_s2_e_car145_maintenance_org_2025.pdf,11,1032,4,1.0,1.0,1.0,1.0,7,0.3944,0.3944,0.3944,1.0,0.0,False,False,True
Q030,True,numerical,car_s2_e_car145_maintenance_org_2025.pdf,160,550,3,1.0,1.0,1.0,1.0,5,0.5418,0.5418,0.5418,1.0,0.0,False,True,True
Q031,True,procedural,car_s2_l_car66_maintenance_engineer_licensing.pdf,121,118,6,1.0,1.0,1.0,1.0,5,0.8475,0.8475,0.8475,1.0,0.0,False,True,True
Q032,True,cross_document,icao_gasp_global_safety_plan.pdf,44,173,4,1.0,1.0,1.0,1.0,5,1.0,1.0,1.0,1.0,0.0,False,True,True
Q033,True,direct_regulation,car_s2_l_car66_maintenance_engineer_licensing.pdf,140,436,3,1.0,1.0,1.0,1.0,8,0.5229,0.5229,0.5229,0.8968,0.0,False,True,True
Q034,True,numerical,car_s2_l_car66_maintenance_engineer_licensing.pdf,100,379,5,1.0,1.0,1.0,1.0,5,0.2401,0.7361,0.2401,0.5409,0.496,True,True,True
Q035,True,procedural,icao_environment_report.pdf,477,369,13,1.0,1.0,1.0,1.0,12,0.8266,0.8266,0.8266,1.0,0.0,False,True,True
Q036,True,cross_document,circular_air_safety_2023_01_flight_data_analysis.pdf,17,120,2,1.0,1.0,1.0,1.0,6,0.9,0.9583,0.9,1.0,0.0583,False,True,True
Q037,True,direct_regulation,car_s2_e_car145_maintenance_org_2025.pdf,148,209,2,1.0,1.0,1.0,1.0,2,1.0,1.0,1.0,1.0,0.0,False,True,True
Q038,True,numerical,circular_flight_crew_2025_01_medical.pdf,6,695,5,1.0,1.0,1.0,1.0,8,0.446,0.446,0.446,1.0,0.0,False,False,True
Q039,True,procedural,car_s2_l_car66_maintenance_engineer_licensing.pdf,138,326,3,1.0,1.0,1.0,1.0,7,0.5153,0.5153,0.5153,1.0,0.0,False,True,True
Q040,True,cross_document,car_s2_e_car145_maintenance_org_2025.pdf,159,1079,3,1.0,1.0,1.0,1.0,5,0.3698,0.3698,0.3698,1.0,0.0,False,False,True
Q041,False,direct_regulation,icao_environment_report.pdf,288,427,14,1.0,1.0,1.0,1.0,10,0.7447,0.7447,0.7447,1.0,0.0,False,True,True
Q042,False,numerical,icao_environment_report.pdf,163,415,9,1.0,1.0,1.0,1.0,7,0.7446,0.7446,0.7446,1.0,0.0,False,True,True
Q043,False,procedural,icao_environment_report.pdf,287,426,8,1.0,1.0,1.0,1.0,6,0.6901,0.6901,0.6901,1.0,0.0,False,True,True
Q044,False,cross_document,car_s2_l_car66_maintenance_engineer_licensing.pdf,154,384,9,1.0,1.0,1.0,1.0,9,0.638,0.638,0.638,1.0,0.0,False,True,True
Q045,False,direct_regulation,car_s2_e_car145_maintenance_org_2025.pdf,53,402,8,1.0,1.0,1.0,1.0,7,0.592,0.592,0.592,1.0,0.0,False,True,True
Q046,False,numerical,car_s2_e_car145_maintenance_org_2025.pdf,29,275,6,1.0,1.0,1.0,1.0,6,0.8109,0.8109,0.8109,1.0,0.0,False,True,True
Q047,False,procedural,car_s2_e_car145_maintenance_org_2025.pdf,99,281,6,1.0,1.0,1.0,1.0,5,0.7794,0.7794,0.7794,1.0,0.0,False,True,True
Q048,False,cross_document,car_s2_e_car145_maintenance_org_2025.pdf,114,424,8,1.0,1.0,1.0,1.0,7,0.9976,0.9976,0.9976,1.0,0.0,False,True,True
Q049,False,direct_regulation,car_s2_i_p5_flight_data_recorders.pdf,6,382,6,1.0,1.0,1.0,1.0,7,0.6832,0.6832,0.6832,1.0,0.0,False,True,True
Q050,False,numerical,icao_environment_report.pdf,413,253,10,1.0,1.0,1.0,1.0,8,1.0,1.0,1.0,1.0,0.0,False,True,True
Q051,False,procedural,car_s2_e_camo_continuing_airworthiness_mgmt.pdf,34,290,6,1.0,1.0,1.0,1.0,5,0.8586,0.8586,0.8586,1.0,0.0,False,True,True
Q052,False,cross_document,car_s2_e_camo_continuing_airworthiness_mgmt.pdf,40,409,6,1.0,1.0,1.0,1.0,6,0.8631,0.8631,0.8631,1.0,0.0,False,True,True
Q053,False,direct_regulation,icao_doc9859_safety_management_manual.pdf,125,424,10,1.0,1.0,1.0,1.0,9,0.842,0.842,0.842,1.0,0.0,False,True,True
Q054,False,numerical,icao_environment_report.pdf,278,364,6,1.0,1.0,1.0,1.0,6,0.7555,0.7555,0.7555,1.0,0.0,False,True,True
Q055,False,procedural,icao_doc9859_safety_management_manual.pdf,26,405,7,1.0,1.0,1.0,1.0,6,0.8593,0.8593,0.8593,1.0,0.0,False,True,True
Q056,False,cross_document,icao_doc9859_safety_management_manual.pdf,98,419,13,1.0,1.0,1.0,1.0,11,0.7685,0.7685,0.7685,1.0,0.0,False,True,True
Q057,False,direct_regulation,car_s2_e_car145_maintenance_org_2025.pdf,108,336,7,1.0,1.0,1.0,1.0,5,0.9881,0.9881,0.9881,1.0,0.0,False,True,True
Q058,False,numerical,icao_environment_report.pdf,202,181,3,1.0,1.0,1.0,1.0,5,1.0,1.0,1.0,1.0,0.0,False,True,True
Q059,False,procedural,icao_doc9859_safety_management_manual.pdf,101,404,11,1.0,1.0,1.0,1.0,11,0.8614,0.8614,0.8614,1.0,0.0,False,True,True
Q060,False,cross_document,icao_environment_report.pdf,341,194,8,1.0,1.0,1.0,1.0,7,1.0,1.0,1.0,1.0,0.0,False,True,True
Q061,False,direct_regulation,car_s2_e_car145_maintenance_org_2025.pdf,54,242,8,1.0,1.0,1.0,1.0,6,1.0,1.0,1.0,1.0,0.0,False,True,True
Q062,False,numerical,icao_environment_report.pdf,165,313,14,1.0,1.0,1.0,1.0,11,0.7987,0.7987,0.7987,1.0,0.0,False,True,True
Q063,False,procedural,icao_environment_report.pdf,98,418,7,1.0,1.0,1.0,1.0,7,0.9163,0.9163,0.9163,1.0,0.0,False,True,True
Q064,False,cross_document,icao_environment_report.pdf,231,409,7,1.0,1.0,1.0,1.0,7,0.6161,0.6161,0.6161,1.0,0.0,False,True,True
Q065,False,direct_regulation,car_s2_l_car66_maintenance_engineer_licensing.pdf,74,413,6,1.0,1.0,1.0,1.0,5,0.7215,0.7215,0.7215,1.0,0.0,False,True,True
Q066,False,numerical,circular_air_safety_2024_01_mitigation.pdf,4,353,6,1.0,1.0,1.0,1.0,5,0.7054,0.7054,0.7054,1.0,0.0,False,True,True
Q067,False,procedural,car_s2_l_car66_maintenance_engineer_licensing.pdf,26,385,8,1.0,1.0,1.0,1.0,7,0.7922,0.813,0.4,1.0,0.413,False,True,True
Q068,False,cross_document,circular_aircraft_eng_2024_01_advisory.pdf,5,401,7,1.0,1.0,1.0,1.0,7,0.6509,0.6509,0.6509,1.0,0.0,False,True,True
Q069,False,direct_regulation,icao_environment_report.pdf,235,389,8,1.0,1.0,1.0,1.0,8,0.9126,0.9126,0.9126,1.0,0.0,False,True,True
Q070,False,numerical,car_s2_i_p5_flight_data_recorders.pdf,19,415,6,1.0,1.0,1.0,1.0,5,0.8723,0.8723,0.8723,1.0,0.0,False,True,True
Q071,False,procedural,circular_air_nav_2024_01_installation.pdf,3,360,6,1.0,1.0,1.0,1.0,5,0.975,0.975,0.975,1.0,0.0,False,True,True
Q072,False,cross_document,car_s2_t_p2_flight_testing.pdf,8,356,7,1.0,1.0,1.0,1.0,6,0.6826,0.6826,0.6826,1.0,0.0,False,True,True
Q073,False,direct_regulation,car_s2_l_car66_maintenance_engineer_licensing.pdf,22,384,8,1.0,1.0,1.0,1.0,8,0.7812,0.7812,0.7812,1.0,0.0,False,True,True
Q074,False,numerical,icao_environment_report.pdf,372,209,9,1.0,1.0,1.0,1.0,10,0.7847,0.7847,0.7847,1.0,0.0,False,True,True
Q075,False,procedural,car_s2_e_car145_maintenance_org_2025.pdf,127,428,9,1.0,1.0,1.0,1.0,7,0.6636,0.6636,0.6636,1.0,0.0,False,True,True
Q076,False,cross_document,aic_2025_12_tariff_noida_nia.pdf,4,255,4,1.0,1.0,1.0,1.0,6,0.9294,0.9294,0.9294,1.0,0.0,False,True,True
Q077,False,direct_regulation,car_s2_f_p7_special_flight_permits.pdf,3,405,7,1.0,1.0,1.0,1.0,6,0.6469,0.6469,0.6469,1.0,0.0,False,True,True
Q078,False,numerical,icao_doc9859_safety_management_manual.pdf,115,402,9,1.0,1.0,1.0,1.0,8,0.791,0.791,0.791,1.0,0.0,False,True,True
Q079,False,procedural,car_s2_e_camo_continuing_airworthiness_mgmt.pdf,17,352,7,1.0,1.0,1.0,1.0,6,0.8267,0.8267,0.8267,1.0,0.0,False,True,True
Q080,False,cross_document,icao_environment_report.pdf,130,367,5,1.0,1.0,1.0,1.0,3,1.0,1.0,1.0,1.0,0.0,False,True,True
