stratum,file,page,span_norm_len,stage,detail
table,icao_gasp_global_safety_plan.pdf,32,518.0,V5_span_over_cap,518
table,car_s2_l_car66_maintenance_engineer_licensing.pdf,195,33.0,V5_span_too_short,33
table,car_s2_e_car145_maintenance_org_2025.pdf,38,251.0,V5_span_over_cap,251
table,car_s2_l_car66_maintenance_engineer_licensing.pdf,112,1.0,V5_span_too_short,1
table,car_s2_l_car66_maintenance_engineer_licensing.pdf,172,29.0,V5_span_too_short,29
table,car_s2_l_car66_maintenance_engineer_licensing.pdf,140,8.0,V5_span_too_short,8
table,circular_air_safety_2023_01_flight_data_analysis.pdf,15,4.0,V5_span_too_short,4
table,car_s2_l_car66_maintenance_engineer_licensing.pdf,63,26.0,V5_span_too_short,26
table,car_s2_l_car66_maintenance_engineer_licensing.pdf,238,20.0,V5_span_too_short,20
table,car_s2_i_p5_flight_data_recorders.pdf,33,1.0,V5_span_too_short,1
table,car_s2_l_car66_maintenance_engineer_licensing.pdf,118,1.0,V5_span_too_short,1
table,car_s2_i_p5_flight_data_recorders.pdf,22,1.0,V5_span_too_short,1
table,circular_flight_crew_2025_01_medical.pdf,3,12.0,V5_span_too_short,12
table,circular_air_safety_2023_01_flight_data_analysis.pdf,2,15.0,V5_span_too_short,15
table,car_s2_i_p5_flight_data_recorders.pdf,35,5.0,V5_span_too_short,5
table,car_s2_l_car66_maintenance_engineer_licensing.pdf,128,6.0,V5_span_too_short,6
table,car_s2_i_p5_flight_data_recorders.pdf,23,1.0,V5_span_too_short,1
table,car_s2_e_car145_maintenance_org_2025.pdf,157,23.0,V5_span_too_short,23
table,car_s2_l_car66_maintenance_engineer_licensing.pdf,133,22.0,V5_span_too_short,22
table,car_s2_l_car66_maintenance_engineer_licensing.pdf,229,16.0,V5_span_too_short,16
table,circular_air_safety_2023_01_flight_data_analysis.pdf,9,19.0,V5_span_too_short,19
table,icao_environment_report.pdf,147,122.0,V5_span_over_cap,122
table,car_s2_l_car66_maintenance_engineer_licensing.pdf,139,14.0,V5_span_too_short,14
table,car_s2_l_car66_maintenance_engineer_licensing.pdf,209,145.0,V5_span_over_cap,145
table,circular_cabin_safety_2025_01_training.pdf,10,21.0,V5_span_too_short,21
table,car_s2_l_car66_maintenance_engineer_licensing.pdf,60,37.0,V5_span_too_short,37
table,circular_air_safety_2023_01_flight_data_analysis.pdf,7,5.0,V5_span_too_short,5
table,icao_gasp_global_safety_plan.pdf,9,208.0,V5_span_over_cap,208
table,car_s2_l_car66_maintenance_engineer_licensing.pdf,211,56.0,V6_no_fit_armA,Electrostatic conductivity test (if type is approved for hydrogen) (*)
table,car_s2_l_car66_maintenance_engineer_licensing.pdf,245,119.0,V5_span_over_cap,119
table,icao_gasp_global_safety_plan.pdf,44,140.0,V5_span_over_cap,140
table,circular_air_safety_2023_01_flight_data_analysis.pdf,6,26.0,V5_span_too_short,26
table,car_s2_e_camo_continuing_airworthiness_mgmt.pdf,82,8.0,V5_span_too_short,8
table,car_s2_f_p14_microlight_aircraft.pdf,33,14.0,V5_span_too_short,14
table,car_s2_l_car66_maintenance_engineer_licensing.pdf,171,23.0,V5_span_too_short,23
table,car_s2_c_p1_defect_recording_reporting.pdf,12,10.0,V5_span_too_short,10
table,car_s2_l_car66_maintenance_engineer_licensing.pdf,134,13.0,V5_span_too_short,13
table,car_s2_l_car66_maintenance_engineer_licensing.pdf,108,2.0,V5_span_too_short,2
table,car_s2_l_car66_maintenance_engineer_licensing.pdf,132,13.0,V5_span_too_short,13
table,car_s2_e_car145_maintenance_org_2025.pdf,150,102.0,V5_span_over_cap,102
table,car_s2_l_car66_maintenance_engineer_licensing.pdf,56,1.0,V5_span_too_short,1
table,circular_air_safety_2023_01_flight_data_analysis.pdf,11,14.0,V5_span_too_short,14
table,car_s2_l_car66_maintenance_engineer_licensing.pdf,71,1.0,V5_span_too_short,1
table,car_s2_i_p5_flight_data_recorders.pdf,34,12.0,V5_span_too_short,12
table,circular_air_safety_2023_01_flight_data_analysis.pdf,5,21.0,V5_span_too_short,21
table,car_s2_l_car66_maintenance_engineer_licensing.pdf,218,2.0,V5_span_too_short,2
table,icao_environment_report.pdf,203,20.0,V5_span_too_short,20
prose,icao_doc9859_safety_management_manual.pdf,8,64.0,V8_ambiguous_span,matches 10 pages
prose,car_s2_e_car145_maintenance_org_2025.pdf,75,127.0,V5_span_over_cap,127
prose,circular_aircraft_eng_2024_01_advisory.pdf,23,187.0,V5_span_over_cap,187
prose,icao_environment_report.pdf,328,54.0,V8_ambiguous_span,matches 2 pages
prose,circular_aircraft_eng_2024_01_advisory.pdf,2,99.0,V5_span_over_cap,99
prose,car_s2_e_car145_maintenance_org_2025.pdf,107,385.0,V5_span_over_cap,385
prose,icao_doc9859_safety_management_manual.pdf,35,131.0,V5_span_over_cap,131
prose,car_s2_l_car66_maintenance_engineer_licensing.pdf,16,8.0,V5_span_too_short,8
prose,icao_environment_report.pdf,404,73.0,V7_no_fit_armB,A large-scale utility solar farm in development is expected to produce 340 GWh annually
prose,icao_environment_report.pdf,101,,V4_span_not_verbatim,Global Warming Potential (GWP) ... Average Temperature Response (ATR)
prose,car_s2_e_car145_maintenance_org_2025.pdf,37,184.0,V5_span_over_cap,184
prose,icao_environment_report.pdf,423,103.0,V5_span_over_cap,103
prose,icao_doc9859_safety_management_manual.pdf,1,,V0_page_too_short,167
prose,car_s2_l_car66_maintenance_engineer_licensing.pdf,149,191.0,V5_span_over_cap,191
prose,circular_air_safety_2024_01_mitigation.pdf,4,11.0,V5_span_too_short,11
prose,car_s2_i_p5_flight_data_recorders.pdf,7,98.0,V7_no_fit_armB,"FDRs, ADRS, AIRs or AIRS shall not use engraving metal foil, frequency modulation (FM), photographic film or magnetic ta"
prose,car_s2_e_camo_continuing_airworthiness_mgmt.pdf,15,248.0,V5_span_over_cap,248
prose,icao_environment_report.pdf,458,12.0,V5_span_too_short,12
prose,icao_uas_guidance.pdf,24,111.0,V5_span_over_cap,111
prose,car_s2_l_car66_maintenance_engineer_licensing.pdf,203,24.0,V5_span_too_short,24
prose,car_s2_e_car145_maintenance_org_2025.pdf,33,126.0,V5_span_over_cap,126
prose,car_s2_e_car145_maintenance_org_2025.pdf,118,115.0,V5_span_over_cap,115
prose,car_s2_e_camo_continuing_airworthiness_mgmt.pdf,27,46.0,V8_ambiguous_span,matches 2 pages
prose,icao_environment_report.pdf,307,74.0,V7_no_fit_armB,ICAO’s vision of achieving net-zero carbon emissions for international aviation by 2050
prose,icao_environment_report.pdf,273,214.0,V5_span_over_cap,214
prose,car_s2_t_p2_flight_testing.pdf,1,89.0,V6_no_fit_armA,"""Flight Test"" means the flying of an aircraft, without any passenger on board, for the purpose of ensuring that: -"
prose,icao_environment_report.pdf,267,329.0,V5_span_over_cap,329
prose,car_s2_l_car66_maintenance_engineer_licensing.pdf,103,1.0,V5_span_too_short,1
prose,car_s2_l_car66_maintenance_engineer_licensing.pdf,41,102.0,V5_span_over_cap,102
prose,icao_environment_report.pdf,408,115.0,V5_span_over_cap,115
prose,icao_environment_report.pdf,48,71.0,V7_no_fit_armB,The total population inside the 55 DNL contours was estimated to be 36 million in 2018
prose,icao_environment_report.pdf,387,,V0_page_too_short,30
prose,car_s2_r_p4_mode_s_transponders.pdf,7,10.0,V5_span_too_short,10
prose,icao_environment_report.pdf,112,144.0,V5_span_over_cap,144
prose,icao_environment_report.pdf,200,110.0,V5_span_over_cap,110
prose,icao_gasp_global_safety_plan.pdf,38,211.0,V5_span_over_cap,211
prose,icao_doc9859_safety_management_manual.pdf,98,170.0,V5_span_over_cap,170
prose,car_s2_e_car145_maintenance_org_2025.pdf,18,99.0,V5_span_over_cap,99
prose,icao_doc9859_safety_management_manual.pdf,18,172.0,V5_span_over_cap,172
prose,car_s2_e_car145_maintenance_org_2025.pdf,88,110.0,V5_span_over_cap,110
prose,icao_environment_report.pdf,188,,V4_span_not_verbatim,“Toward Virtually Zero CO2 Emissions from Air Transportation in 2050”
prose,icao_gasp_global_safety_plan.pdf,3,140.0,V5_span_over_cap,140
