question_id,gold_is_table,gold_norm_len,armB_blocks,armB_contig_at_best_blocks,armB_scatter_gap,armB_scattered,source_file,page_number
Q001,True,307,0.3583,0.1726,0.1857,False,car_s2_l_car66_maintenance_engineer_licensing.pdf,224
Q002,True,597,0.3518,0.2647,0.0871,False,circular_air_safety_2023_01_flight_data_analysis.pdf,2
Q003,True,425,0.5412,0.2188,0.3224,False,car_s2_l_car66_maintenance_engineer_licensing.pdf,116
Q004,True,811,0.3921,0.3921,0.0,False,icao_gasp_global_safety_plan.pdf,9
Q005,True,170,0.8941,0.8353,0.0588,False,car_s2_l_car66_maintenance_engineer_licensing.pdf,208
Q006,True,502,0.5398,0.5398,0.0,False,car_s2_l_car66_maintenance_engineer_licensing.pdf,172
Q007,True,133,0.985,0.6617,0.3233,False,car_s2_l_car66_maintenance_engineer_licensing.pdf,173
Q008,True,1074,0.3827,0.3827,0.0,False,icao_gasp_global_safety_plan.pdf,31
Q009,True,500,0.424,0.34,0.084,False,car_s2_l_car66_maintenance_engineer_licensing.pdf,111
Q010,True,77,0.6623,0.6623,0.0,False,car_s2_l_car66_maintenance_engineer_licensing.pdf,59
Q011,True,431,0.7587,0.7216,0.0371,False,car_s2_l_car66_maintenance_engineer_licensing.pdf,116
Q012,True,309,0.4175,0.1165,0.301,False,car_s2_l_car66_maintenance_engineer_licensing.pdf,218
Q013,True,177,0.9209,0.3785,0.5424,False,car_s2_l_car66_maintenance_engineer_licensing.pdf,119
Q014,True,253,0.7549,0.7549,0.0,False,circular_air_nav_2024_01_installation.pdf,4
Q015,True,162,0.9074,0.3519,0.5555,False,car_s2_l_car66_maintenance_engineer_licensing.pdf,113
Q016,True,157,1.0,1.0,0.0,False,car_s2_l_car66_maintenance_engineer_licensing.pdf,172
Q017,True,926,0.4093,0.0907,0.3186,False,car_s2_l_car66_maintenance_engineer_licensing.pdf,229
Q018,True,959,0.3003,0.0501,0.2502,False,car_s2_l_car66_maintenance_engineer_licensing.pdf,36
Q019,True,997,0.326,0.326,0.0,False,car_s2_i_p5_flight_data_recorders.pdf,26
Q020,True,167,0.6467,0.1617,0.485,True,car_s2_l_car66_maintenance_engineer_licensing.pdf,48
Q021,True,264,0.8295,0.7348,0.0947,False,car_s2_l_car66_maintenance_engineer_licensing.pdf,124
Q022,True,873,0.2761,0.2761,0.0,False,circular_air_safety_2023_01_flight_data_analysis.pdf,17
Q023,True,395,0.5443,0.5443,0.0,False,icao_environment_report.pdf,275
Q024,True,92,0.7609,0.4565,0.3044,False,car_s2_l_car66_maintenance_engineer_licensing.pdf,116
Q025,True,399,0.6591,0.6591,0.0,False,car_s2_l_car66_maintenance_engineer_licensing.pdf,173
Q026,True,904,0.2279,0.1283,0.0996,False,icao_environment_report.pdf,203
Q027,True,926,0.3283,0.3283,0.0,False,car_s2_i_p5_flight_data_recorders.pdf,23
Q028,True,503,0.3837,0.3837,0.0,False,icao_environment_report.pdf,229
Q029,True,1032,0.3944,0.3944,0.0,False,car_s2_e_car145_maintenance_org_2025.pdf,11
Q030,True,550,0.5418,0.5418,0.0,False,car_s2_e_car145_maintenance_org_2025.pdf,160
Q031,True,118,0.8475,0.8475,0.0,False,car_s2_l_car66_maintenance_engineer_licensing.pdf,121
Q032,True,173,1.0,1.0,0.0,False,icao_gasp_global_safety_plan.pdf,44
Q033,True,436,0.5229,0.5229,0.0,False,car_s2_l_car66_maintenance_engineer_licensing.pdf,140
Q034,True,379,0.7361,0.2401,0.496,True,car_s2_l_car66_maintenance_engineer_licensing.pdf,100
Q035,True,369,0.8266,0.8266,0.0,False,icao_environment_report.pdf,477
Q036,True,120,0.9583,0.9,0.0583,False,circular_air_safety_2023_01_flight_data_analysis.pdf,17
Q037,True,209,1.0,1.0,0.0,False,car_s2_e_car145_maintenance_org_2025.pdf,148
Q038,True,695,0.446,0.446,0.0,False,circular_flight_crew_2025_01_medical.pdf,6
Q039,True,326,0.5153,0.5153,0.0,False,car_s2_l_car66_maintenance_engineer_licensing.pdf,138
Q040,True,1079,0.3698,0.3698,0.0,False,car_s2_e_car145_maintenance_org_2025.pdf,159
Q041,False,427,0.7447,0.7447,0.0,False,icao_environment_report.pdf,288
Q042,False,415,0.7446,0.7446,0.0,False,icao_environment_report.pdf,163
Q043,False,426,0.6901,0.6901,0.0,False,icao_environment_report.pdf,287
Q044,False,384,0.638,0.638,0.0,False,car_s2_l_car66_maintenance_engineer_licensing.pdf,154
Q045,False,402,0.592,0.592,0.0,False,car_s2_e_car145_maintenance_org_2025.pdf,53
Q046,False,275,0.8109,0.8109,0.0,False,car_s2_e_car145_maintenance_org_2025.pdf,29
Q047,False,281,0.7794,0.7794,0.0,False,car_s2_e_car145_maintenance_org_2025.pdf,99
Q048,False,424,0.9976,0.9976,0.0,False,car_s2_e_car145_maintenance_org_2025.pdf,114
Q049,False,382,0.6832,0.6832,0.0,False,car_s2_i_p5_flight_data_recorders.pdf,6
Q050,False,253,1.0,1.0,0.0,False,icao_environment_report.pdf,413
Q051,False,290,0.8586,0.8586,0.0,False,car_s2_e_camo_continuing_airworthiness_mgmt.pdf,34
Q052,False,409,0.8631,0.8631,0.0,False,car_s2_e_camo_continuing_airworthiness_mgmt.pdf,40
Q053,False,424,0.842,0.842,0.0,False,icao_doc9859_safety_management_manual.pdf,125
Q054,False,364,0.7555,0.7555,0.0,False,icao_environment_report.pdf,278
Q055,False,405,0.8593,0.8593,0.0,False,icao_doc9859_safety_management_manual.pdf,26
Q056,False,419,0.7685,0.7685,0.0,False,icao_doc9859_safety_management_manual.pdf,98
Q057,False,336,0.9881,0.9881,0.0,False,car_s2_e_car145_maintenance_org_2025.pdf,108
Q058,False,181,1.0,1.0,0.0,False,icao_environment_report.pdf,202
Q059,False,404,0.8614,0.8614,0.0,False,icao_doc9859_safety_management_manual.pdf,101
Q060,False,194,1.0,1.0,0.0,False,icao_environment_report.pdf,341
Q061,False,242,1.0,1.0,0.0,False,car_s2_e_car145_maintenance_org_2025.pdf,54
Q062,False,313,0.7987,0.7987,0.0,False,icao_environment_report.pdf,165
Q063,False,418,0.9163,0.9163,0.0,False,icao_environment_report.pdf,98
Q064,False,409,0.6161,0.6161,0.0,False,icao_environment_report.pdf,231
Q065,False,413,0.7215,0.7215,0.0,False,car_s2_l_car66_maintenance_engineer_licensing.pdf,74
Q066,False,353,0.7054,0.7054,0.0,False,circular_air_safety_2024_01_mitigation.pdf,4
Q067,False,385,0.813,0.4,0.413,False,car_s2_l_car66_maintenance_engineer_licensing.pdf,26
Q068,False,401,0.6509,0.6509,0.0,False,circular_aircraft_eng_2024_01_advisory.pdf,5
Q069,False,389,0.9126,0.9126,0.0,False,icao_environment_report.pdf,235
Q070,False,415,0.8723,0.8723,0.0,False,car_s2_i_p5_flight_data_recorders.pdf,19
Q071,False,360,0.975,0.975,0.0,False,circular_air_nav_2024_01_installation.pdf,3
Q072,False,356,0.6826,0.6826,0.0,False,car_s2_t_p2_flight_testing.pdf,8
Q073,False,384,0.7812,0.7812,0.0,False,car_s2_l_car66_maintenance_engineer_licensing.pdf,22
Q074,False,209,0.7847,0.7847,0.0,False,icao_environment_report.pdf,372
Q075,False,428,0.6636,0.6636,0.0,False,car_s2_e_car145_maintenance_org_2025.pdf,127
Q076,False,255,0.9294,0.9294,0.0,False,aic_2025_12_tariff_noida_nia.pdf,4
Q077,False,405,0.6469,0.6469,0.0,False,car_s2_f_p7_special_flight_permits.pdf,3
Q078,False,402,0.791,0.791,0.0,False,icao_doc9859_safety_management_manual.pdf,115
Q079,False,352,0.8267,0.8267,0.0,False,car_s2_e_camo_continuing_airworthiness_mgmt.pdf,17
Q080,False,367,1.0,1.0,0.0,False,icao_environment_report.pdf,130
